<?xml version="1.0" encoding="UTF-8"?>
<project-private xmlns="http://www.netbeans.org/ns/project-private/1">
    <editor-bookmarks xmlns="http://www.netbeans.org/ns/editor-bookmarks/2" lastBookmarkId="0"/>
    <open-files xmlns="http://www.netbeans.org/ns/projectui-open-files/2">
        <group>
            <file>file:/C:/Users/Owner/Documents/NetBeansProjects/master/JazzY/web/success.jsp</file>
            <file>file:/C:/Users/Owner/Documents/NetBeansProjects/master/JazzY/web/WEB-INF/web.xml</file>
            <file>file:/C:/Users/Owner/Documents/NetBeansProjects/master/JazzY/web/dbtesting.jsp</file>
            <file>file:/C:/Users/Owner/Documents/NetBeansProjects/master/JazzY/web/dashboard.jsp</file>
            <file>file:/C:/Users/Owner/Documents/NetBeansProjects/master/JazzY/web/purchase.jsp</file>
            <file>file:/C:/Users/Owner/Documents/NetBeansProjects/master/JazzY/web/index.html</file>
        </group>
    </open-files>
</project-private>
